-- phpMyAdmin SQL Dump
-- version 5.2.1
-- https://www.phpmyadmin.net/
--
-- Servidor: 127.0.0.1
-- Tiempo de generación: 23-07-2024 a las 04:14:44
-- Versión del servidor: 10.4.32-MariaDB
-- Versión de PHP: 8.2.12

SET SQL_MODE = "NO_AUTO_VALUE_ON_ZERO";
START TRANSACTION;
SET time_zone = "+00:00";


/*!40101 SET @OLD_CHARACTER_SET_CLIENT=@@CHARACTER_SET_CLIENT */;
/*!40101 SET @OLD_CHARACTER_SET_RESULTS=@@CHARACTER_SET_RESULTS */;
/*!40101 SET @OLD_COLLATION_CONNECTION=@@COLLATION_CONNECTION */;
/*!40101 SET NAMES utf8mb4 */;

--
-- Base de datos: `movil-21`
--

-- --------------------------------------------------------

--
-- Estructura de tabla para la tabla `carrera`
--

CREATE TABLE `carrera` (
  `CODI_CARR` char(2) DEFAULT NULL,
  `CODI_SEDE` char(1) DEFAULT NULL,
  `DESC_CARR` char(50) DEFAULT NULL,
  `CODI_FACU` char(2) DEFAULT NULL,
  `SIGL_CARR` char(10) DEFAULT NULL
) ENGINE=MyISAM DEFAULT CHARSET=latin1 COLLATE=latin1_swedish_ci COMMENT='InnoDB free: 6144 kB; InnoDB free: 7168 kB' PACK_KEYS=0 ROW_FORMAT=COMPACT;

--
-- Volcado de datos para la tabla `carrera`
--

INSERT INTO `carrera` (`CODI_CARR`, `CODI_SEDE`, `DESC_CARR`, `CODI_FACU`, `SIGL_CARR`) VALUES
('01', 'M', 'GESTION PÚBLICA Y DESARROLLO SOCIAL', '02', 'GP'),
('02', 'M', 'INGENIERÍA AGROINDUSTRIAL', '01', 'IA'),
('03', 'M', 'INGENIERÍA DE MINAS', '01', 'IM'),
('04', 'I', 'INGENIERÍA DE SISTEMAS E INFORMÁTICA', '01', 'IS'),
('05', 'I', 'INGENIERÍA AMBIENTAL', '01', 'IA'),
('06', 'I', 'INGENIERÍA PESQUERA', '01', 'IP');

-- --------------------------------------------------------

--
-- Estructura de tabla para la tabla `control`
--

CREATE TABLE `control` (
  `codi_cicl` varchar(5) NOT NULL,
  `abie_cerr` tinyint(4) NOT NULL,
  `abie_cerm` tinyint(4) NOT NULL
) ENGINE=MyISAM DEFAULT CHARSET=utf8 COLLATE=utf8_general_ci;

--
-- Volcado de datos para la tabla `control`
--

INSERT INTO `control` (`codi_cicl`, `abie_cerr`, `abie_cerm`) VALUES
('20201', 1, 1),
('20202', 1, 1),
('20211', 1, 1),
('20212', 1, 1),
('20221', 1, 1),
('20222', 0, 0);

-- --------------------------------------------------------

--
-- Estructura de tabla para la tabla `curricula`
--

CREATE TABLE `curricula` (
  `codi_carr` varchar(2) NOT NULL,
  `codi_curs` varchar(7) NOT NULL,
  `cred_curs` int(11) NOT NULL,
  `hrst_curs` int(11) NOT NULL,
  `hrsp_curs` int(11) NOT NULL,
  `cicl_curs` varchar(2) NOT NULL,
  `acti_curr` varchar(1) NOT NULL,
  `pre1_curs` varchar(7) NOT NULL,
  `pre2_curs` varchar(7) NOT NULL,
  `pre3_curs` varchar(7) NOT NULL,
  `pre4_curs` varchar(7) NOT NULL,
  `pre5_curs` varchar(7) NOT NULL,
  `anyo_curr` varchar(4) NOT NULL
) ENGINE=MyISAM DEFAULT CHARSET=utf8 COLLATE=utf8_general_ci;

--
-- Volcado de datos para la tabla `curricula`
--

INSERT INTO `curricula` (`codi_carr`, `codi_curs`, `cred_curs`, `hrst_curs`, `hrsp_curs`, `cicl_curs`, `acti_curr`, `pre1_curs`, `pre2_curs`, `pre3_curs`, `pre4_curs`, `pre5_curs`, `anyo_curr`) VALUES
('01', 'EGMAT01', 4, 2, 4, '01', 'S', '', '', '', '', '', '2020'),
('01', 'EGRYC01', 3, 2, 2, '01', 'S', '', '', '', '', '', '2020'),
('01', 'EGMTU01', 3, 2, 2, '01', 'S', '', '', '', '', '', '2020'),
('01', 'GPIGP01', 4, 2, 4, '01', 'N', '', '', '', '', '', '2020'),
('01', 'GPCCP01', 3, 2, 2, '01', 'N', '', '', '', '', '', '2020'),
('01', 'EGFIL01', 3, 2, 2, '01', 'N', '', '', '', '', '', '2020'),
('02', 'EGCTI01', 4, 3, 2, '01', 'N', '', '', '', '', '', '2020'),
('02', 'EGMAA01', 4, 3, 3, '01', 'N', '', '', '', '', '', '2020'),
('02', 'EGRYC01', 4, 3, 3, '01', 'N', '', '', '', '', '', '2020'),
('02', 'EGFIL01', 4, 3, 2, '01', 'N', '', '', '', '', '', '2020'),
('02', 'EGECP01', 3, 3, 0, '01', 'N', '', '', '', '', '', '2020'),
('02', 'IAAGI01', 3, 2, 3, '01', 'N', '', '', '', '', '', '2020'),
('03', 'EGQUM01', 4, 3, 3, '01', 'N', '', '', '', '', '', '2020'),
('03', 'EGGGN01', 5, 4, 2, '01', 'N', '', '', '', '', '', '2020'),
('03', 'EGMAT01', 4, 3, 2, '01', 'N', '', '', '', '', '', '2020'),
('03', 'EGDTC01', 3, 2, 2, '01', 'N', '', '', '', '', '', '2020'),
('03', 'IMIPR01', 3, 2, 2, '01', 'N', '', '', '', '', '', '2020'),
('03', 'EGRYC01', 3, 2, 2, '01', 'N', '', '', '', '', '', '2020'),
('04', 'EGMAA01', 4, 3, 3, '01', 'S', '', '', '', '', '', '2020'),
('04', 'EGFIL01', 3, 2, 2, '01', 'N', '', '', '', '', '', '2020'),
('04', 'ISOFM01', 3, 2, 3, '01', 'N', '', '', '', '', '', '2020'),
('04', 'EGESD01', 4, 3, 2, '01', 'N', '', '', '', '', '', '2020'),
('04', 'EGMTU01', 3, 2, 3, '01', 'N', '', '', '', '', '', '2020'),
('04', 'EGRYC01', 3, 2, 3, '01', 'N', '', '', '', '', '', '2020'),
('05', 'EGMAA01', 4, 2, 4, '01', 'N', '', '', '', '', '', '2020'),
('05', 'EGMTU01', 3, 2, 2, '01', 'N', '', '', '', '', '', '2020'),
('05', 'IBIIA01', 3, 2, 2, '01', 'N', '', '', '', '', '', '2020'),
('05', 'EGRYC01', 3, 2, 2, '01', 'N', '', '', '', '', '', '2020'),
('05', 'EGFIL01', 3, 2, 2, '01', 'N', '', '', '', '', '', '2020'),
('05', 'EGBIO01', 4, 3, 4, '01', 'N', '', '', '', '', '', '2020'),
('06', 'EGMAT01', 4, 3, 2, '01', 'N', '', '', '', '', '', '2020'),
('06', 'IPQUG01', 4, 3, 2, '01', 'N', '', '', '', '', '', '2020'),
('06', 'EGRYC01', 3, 2, 2, '01', 'N', '', '', '', '', '', '2020'),
('06', 'IPBAC01', 3, 2, 3, '01', 'N', '', '', '', '', '', '2020'),
('06', 'IPIPE01', 4, 3, 3, '01', 'N', '', '', '', '', '', '2020'),
('06', 'IPRRH01', 4, 3, 3, '01', 'N', '', '', '', '', '', '2020'),
('01', 'EGECP01', 3, 2, 2, '02', 'N', '', '', '', '', '', '2020'),
('01', 'EGEST02', 4, 2, 4, '02', 'N', '', '', '', '', '', '2020'),
('01', 'GPHIP02', 3, 2, 2, '02', 'N', 'GPCCP01', 'EGFIL01', '', '', '', '2020'),
('01', 'EGMAT02', 4, 2, 4, '02', 'N', 'EGMAT01', '', '', '', '', '2020'),
('01', 'EGITD02', 3, 2, 2, '02', 'N', '', '', '', '', '', '2020'),
('01', 'EGCTI01', 3, 2, 2, '02', 'N', '', '', '', '', '', '2020'),
('02', 'EGAMT02', 4, 3, 3, '02', 'N', 'EGMAA01', '', '', '', '', '2020'),
('02', 'EGQGI02', 4, 3, 3, '02', 'N', '', '', '', '', '', '2020'),
('02', 'EGBIO01', 4, 3, 2, '02', 'N', '', '', '', '', '', '2020'),
('02', 'IBECL02', 3, 2, 3, '02', 'N', '', '', '', '', '', '2020'),
('02', 'IAMEC02', 4, 3, 3, '02', 'N', 'EGMAA01', '', '', '', '', '2020'),
('02', 'EGMTE02', 3, 2, 3, '02', 'N', 'EGRYC01', '', '', '', '', '2020'),
('03', 'EGFIS02', 4, 3, 2, '02', 'N', '', '', '', '', '', '2020'),
('03', 'EGMAT02', 4, 3, 2, '02', 'N', 'EGMAT01', '', '', '', '', '2020'),
('03', 'EGQUM02', 4, 3, 3, '02', 'N', 'EGQUM01', '', '', '', '', '2020'),
('03', 'EGGDC02', 3, 2, 3, '02', 'N', 'EGDTC01', '', '', '', '', '2020'),
('03', 'IMGMO02', 3, 2, 2, '02', 'N', 'EGGGN01', '', '', '', '', '2020'),
('03', 'IMMGN02', 4, 3, 3, '02', 'N', 'EGGGN01', '', '', '', '', '2020'),
('04', 'EGFSC02', 3, 2, 3, '02', 'N', '', '', '', '', '', '2020'),
('04', 'EGCTI01', 3, 3, 0, '02', 'N', 'EGMTU01', '', '', '', '', '2020'),
('04', 'EGQUI02', 3, 2, 3, '02', 'N', '', '', '', '', '', '2020'),
('04', 'EGAMT02', 4, 3, 3, '02', 'N', 'EGMAA01', '', '', '', '', '2020'),
('04', 'EGECP01', 3, 3, 0, '02', 'N', '', '', '', '', '', '2020'),
('04', 'ISAED02', 4, 3, 4, '02', 'N', 'ISOFM01', '', '', '', '', '2020'),
('05', 'EGFSC02', 4, 2, 4, '02', 'N', 'IBIIA01', '', '', '', '', '2020'),
('05', 'EGQUI02', 4, 2, 4, '02', 'N', 'IBIIA01', '', '', '', '', '2020'),
('05', 'EGEST02', 3, 2, 2, '02', 'N', 'EGMAA01', '', '', '', '', '2020'),
('05', 'EGECP01', 3, 2, 2, '02', 'N', '', '', '', '', '', '2020'),
('05', 'EGCTI01', 3, 2, 2, '02', 'N', '', '', '', '', '', '2020'),
('05', 'IBECL02', 3, 2, 2, '02', 'N', 'EGBIO01', 'IBIIA01', '', '', '', '2020'),
('06', 'EGMAT02', 4, 3, 2, '02', 'N', 'EGMAT01', '', '', '', '', '2020'),
('06', 'EGFIS02', 4, 3, 2, '02', 'N', 'EGMAT01', '', '', '', '', '2020'),
('06', 'EGCTI01', 4, 3, 2, '02', 'N', '', '', '', '', '', '2020'),
('06', 'IPRRH02', 4, 3, 3, '02', 'N', 'IPRRH01', 'IPIPE01', '', '', '', '2020'),
('06', 'IPECA02', 3, 2, 3, '02', 'N', 'IPBAC01', '', '', '', '', '2020'),
('06', 'IPNBS02', 2, 0, 6, '02', 'N', '', '', '', '', '', '2020'),
('01', 'EGMEC03', 4, 2, 4, '03', 'N', 'EGECP01', '', '', '', '', '2020'),
('01', 'EGESA03', 4, 2, 4, '03', 'N', 'EGEST02', '', '', '', '', '2020'),
('01', 'GPIPA03', 3, 2, 2, '03', 'N', 'EGMAT02', '', '', '', '', '2020'),
('01', 'GPFGS03', 3, 2, 2, '03', 'N', '', '', '', '', '', '2020'),
('01', 'GPDCO03', 3, 2, 2, '03', 'N', 'EGITD02', '', '', '', '', '2020'),
('01', 'GPEDE03', 3, 2, 2, '03', 'N', '', '', '', '', '', '2020'),
('02', 'EGAMT03', 4, 3, 3, '03', 'N', 'EGAMT02', '', '', '', '', '2020'),
('02', 'IAAQA03', 4, 2, 4, '03', 'N', 'EGQGI02', '', '', '', '', '2020'),
('02', 'IAEMO03', 4, 2, 4, '03', 'N', 'IAMEC02', '', '', '', '', '2020'),
('02', 'EGQOR03', 4, 2, 4, '03', 'N', 'EGQGI02', '', '', '', '', '2020'),
('02', 'IACDA03', 3, 2, 3, '03', 'N', 'EGBIO01', '', '', '', '', '2020'),
('02', 'IAAGR03', 3, 2, 3, '03', 'N', 'IBECL02', '', '', '', '', '2020'),
('03', 'EGMAT03', 4, 3, 3, '03', 'N', 'EGMAT02', '', '', '', '', '2020'),
('03', 'EGFIS03', 3, 2, 2, '03', 'N', 'EGFIS02', '', '', '', '', '2020'),
('03', 'EGECP01', 3, 2, 2, '03', 'N', '', '', '', '', '', '2020'),
('03', 'EGPYE03', 4, 3, 3, '03', 'N', 'EGMAT02', '', '', '', '', '2020'),
('03', 'EGTGE03', 4, 3, 3, '03', 'N', 'EGGDC02', '', '', '', '', '2020'),
('03', 'IMIAM03', 4, 3, 2, '03', 'N', 'IMMGN02', '', '', '', '', '2020'),
('04', 'ISMDI03', 3, 2, 2, '03', 'N', 'EGMAA01', '', '', '', '', '2020'),
('04', 'EGAMT03', 4, 3, 3, '03', 'N', 'EGAMT02', '', '', '', '', '2020'),
('04', 'ISEYM03', 4, 3, 3, '03', 'N', 'EGFSC02', '', '', '', '', '2020'),
('04', 'EGCON03', 3, 2, 2, '03', 'N', 'EGECP01', '', '', '', '', '2020'),
('04', 'EGPIE03', 3, 2, 3, '03', 'N', 'EGESD01', '', '', '', '', '2020'),
('04', 'ISPRO03', 4, 3, 4, '03', 'N', 'ISAED02', '', '', '', '', '2020'),
('05', 'EGQOR03', 4, 2, 4, '03', 'N', 'EGQUI02', '', '', '', '', '2020'),
('05', 'EGCDI03', 4, 2, 4, '03', 'N', 'EGMAA01', '', '', '', '', '2020'),
('05', 'IBMIC03', 3, 2, 2, '03', 'N', 'IBECL02', 'EGBIO01', '', '', '', '2020'),
('05', 'EGGLG03', 3, 2, 2, '03', 'N', 'EGFSC02', '', '', '', '', '2020'),
('05', 'EGMDI03', 3, 2, 2, '03', 'N', 'EGCTI01', 'EGMTU01', '', '', '', '2020'),
('05', 'EGESA03', 3, 2, 2, '03', 'N', 'EGEST02', '', '', '', '', '2020'),
('06', 'EGMAT03', 4, 3, 2, '03', 'N', 'EGMAT02', '', '', '', '', '2020'),
('06', 'EGFIS03', 4, 3, 2, '03', 'N', 'EGFIS02', '', '', '', '', '2020'),
('06', 'EGQOR03', 4, 3, 2, '03', 'N', 'IPQUG01', '', '', '', '', '2020'),
('06', 'IPRGO03', 3, 2, 3, '03', 'N', 'IPECA02', '', '', '', '', '2020'),
('06', 'IPRPP03', 3, 2, 2, '03', 'N', '', '', '', '', '', '2020'),
('06', 'EGGDC02', 3, 2, 2, '03', 'N', '', '', '', '', '', '2020'),
('01', 'EGMAC04', 4, 2, 4, '04', 'N', 'EGMEC03', '', '', '', '', '2020'),
('01', 'GPTMO04', 4, 2, 4, '04', 'N', 'GPIPA03', '', '', '', '', '2020'),
('01', 'GPTAP04', 3, 2, 2, '04', 'N', 'EGESA03', '', '', '', '', '2020'),
('01', 'GPPSD04', 3, 2, 2, '04', 'N', 'GPFGS03', '', '', '', '', '2020'),
('01', 'GPSTP04', 3, 2, 2, '04', 'N', 'GPDCO03', '', '', '', '', '2020'),
('01', 'EGETI04', 3, 2, 2, '04', 'N', '', '', '', '', '', '2020'),
('02', 'IABIQ04', 4, 3, 3, '04', 'N', 'EGQOR03', 'EGBIO01', '', '', '', '2020'),
('02', 'EGAMT04', 4, 3, 4, '04', 'N', 'EGAMT03', '', '', '', '', '2020'),
('02', 'EGEYP04', 4, 3, 2, '04', 'N', 'EGAMT02', '', '', '', '', '2020'),
('02', 'IALDP04', 4, 3, 3, '04', 'N', '', '', '', '', '', '2020'),
('02', 'IARNR04', 3, 2, 2, '04', 'N', 'IAAGI01', '', '', '', '', '2020'),
('02', 'IACAG04', 3, 2, 3, '04', 'N', 'IAAGR03', '', '', '', '', '2020'),
('03', 'EGMAT04', 3, 2, 3, '04', 'N', 'EGMAT03', '', '', '', '', '2020'),
('03', 'IMMDE04', 4, 3, 3, '04', 'N', 'IMIAM03', 'IMGMO02', '', '', '', '2020'),
('03', 'EGQAN04', 4, 3, 3, '04', 'N', 'EGQUM02', '', '', '', '', '2020'),
('03', 'IMMCR04', 4, 3, 3, '04', 'N', 'EGFIS03', '', '', '', '', '2020'),
('03', 'IMTMI04', 4, 3, 3, '04', 'N', 'EGTGE03', '', '', '', '', '2020'),
('03', 'IMIEL04', 3, 2, 2, '04', 'N', 'EGFIS03', '', '', '', '', '2020'),
('04', 'EGALI04', 3, 2, 3, '04', 'N', 'ISMDI03', '', '', '', '', '2020'),
('04', 'ISDDE04', 3, 2, 2, '04', 'N', 'EGPIE03', '', '', '', '', '2020'),
('04', 'ISCYP04', 3, 2, 2, '04', 'N', 'EGCON03', '', '', '', '', '2020'),
('04', 'ISCEL04', 4, 3, 3, '04', 'N', 'ISEYM03', '', '', '', '', '2020'),
('04', 'ISMNA04', 3, 2, 3, '04', 'N', 'EGAMT03', '', '', '', '', '2020'),
('04', 'ISPRO04', 4, 3, 4, '04', 'N', 'ISPRO03', '', '', '', '', '2020'),
('05', 'IBBIQ04', 4, 2, 4, '04', 'N', 'EGQOR03', 'EGBIO01', '', '', '', '2020'),
('05', 'EGCDI04', 4, 2, 4, '04', 'N', 'EGCDI03', '', '', '', '', '2020'),
('05', 'IBGFI04', 3, 2, 2, '04', 'N', 'EGGLG03', '', '', '', '', '2020'),
('05', 'IBMET04', 3, 2, 2, '04', 'N', '', '', '', '', '', '2020'),
('05', 'EGSDI04', 3, 2, 2, '04', 'N', 'EGMDI03', 'EGCTI01', '', '', '', '2020'),
('05', 'EGDTC01', 3, 2, 2, '04', 'N', '', '', '', '', '', '2020'),
('06', 'IPQRH04', 4, 3, 2, '04', 'N', 'EGQOR03', '', '', '', '', '2020'),
('06', 'IPTAP04', 4, 3, 2, '04', 'N', 'EGFIS03', '', '', '', '', '2020'),
('06', 'EGQAN04', 4, 3, 2, '04', 'N', 'EGQOR03', '', '', '', '', '2020'),
('06', 'EGDTC01', 2, 0, 4, '04', 'N', 'EGGDC02', '', '', '', '', '2020'),
('06', 'EGECP01', 4, 3, 2, '04', 'N', '', '', '', '', '', '2020'),
('06', 'IPOCG04', 3, 2, 3, '04', 'N', 'IPECA02', 'IPNBS02', '', '', '', '2020'),
('01', 'GPCON05', 4, 2, 4, '05', 'S', 'EGMAC04', '', '', '', '', '2020'),
('01', 'GPDDO05', 4, 2, 4, '05', 'S', 'GPTMO04', '', '', '', '', '2020'),
('01', 'GPARH05', 3, 2, 2, '05', 'S', 'GPTAP04', '', '', '', '', '2020'),
('01', 'GPMSO05', 3, 2, 2, '05', 'S', 'GPPSD04', '', '', '', '', '2020'),
('01', 'GPDAD05', 3, 2, 2, '05', 'S', 'GPSTP04', '', '', '', '', '2020'),
('01', 'GPCDE05', 4, 2, 2, '05', 'S', 'GPEDE03', 'EGETI04', '', '', '', '2020'),
('01', 'GPCGU06', 4, 2, 4, '06', 'S', 'GPCON05', '', '', '', '', '2020'),
('01', 'GPGPH06', 4, 2, 4, '06', 'S', 'GPTMO04', '', '', '', '', '2020'),
('01', 'GPGOP06', 3, 2, 2, '06', 'S', 'GPARH05', '', '', '', '', '2020'),
('01', 'GPBSO06', 3, 2, 2, '06', 'S', 'GPMSO05', '', '', '', '', '2020'),
('01', 'GPDTR06', 3, 2, 2, '06', 'S', 'GPDAD05', '', '', '', '', '2020'),
('01', 'GPGME06', 4, 2, 4, '06', 'S', 'GPCDE05', '', '', '', '', '2020'),
('02', 'IABME05', 4, 3, 2, '05', 'S', 'IAAQA03', '', '', '', '', '2020'),
('02', 'IAFIQ05', 4, 3, 3, '05', 'S', 'EGAMT04', 'EGQGI02', '', '', '', '2020'),
('02', 'IABDA05', 4, 3, 3, '05', 'S', 'IABIQ04', '', '', '', '', '2020'),
('02', 'IAMNA05', 3, 2, 2, '05', 'S', 'IALDP04', '', '', '', '', '2020'),
('02', 'IAMAG05', 4, 3, 3, '05', 'S', 'IABIQ04', 'IAAQA03', '', '', '', '2020'),
('02', 'IADIN05', 3, 2, 3, '05', 'S', '', '', '', '', '', '2020'),
('02', 'IAMDF06', 4, 2, 5, '06', 'S', 'IABME05', 'IAMNA05', '', '', '', '2020'),
('02', 'IAAGX06', 4, 3, 2, '06', 'S', 'IAAGI01', 'EGECP01', '', '', '', '2020'),
('02', 'IAAPA06', 4, 3, 3, '06', 'S', 'IABDA05', 'IAMAG05', '', '', '', '2020'),
('02', 'IATER06', 3, 2, 2, '06', 'S', 'IAFIQ05', '', '', '', '', '2020'),
('02', 'IAOYM06', 3, 2, 2, '06', 'S', 'EGAMT03', 'IAEMO03', '', '', '', '2020'),
('02', 'IATAG06', 4, 3, 2, '06', 'S', 'IARNR04', '', '', '', '', '2020'),
('03', 'IMRDM05', 4, 3, 3, '05', 'S', 'IMMCR04', '', '', '', '', '2020'),
('03', 'IMBDM05', 3, 2, 2, '05', 'S', 'EGPYE03', '', '', '', '', '2020'),
('03', 'IMHID05', 4, 3, 3, '05', 'S', 'IMMCR04', 'EGMAT04', '', '', '', '2020'),
('03', 'IMPET05', 4, 3, 2, '05', 'S', 'IMMDE04', '', '', '', '', '2020'),
('03', 'IMMDR05', 4, 3, 3, '05', 'S', 'IMTMI04', 'IMMDE04', '', '', '', '2020'),
('03', 'IMIDP05', 3, 2, 3, '05', 'S', '', '', '', '', '', '2020'),
('03', 'IMIDE06', 4, 3, 3, '06', 'S', 'IMIEL04', '', '', '', '', '2020'),
('03', 'IMMNU06', 4, 3, 2, '06', 'S', 'EGMAT04', '', '', '', '', '2020'),
('03', 'IMYDM06', 3, 2, 2, '06', 'S', 'IMBDM05', '', '', '', '', '2020'),
('03', 'IMTMT06', 4, 3, 3, '06', 'S', 'IMTMI04', 'IMBDM05', '', '', '', '2020'),
('03', 'IMMDR06', 4, 3, 3, '06', 'S', 'IMMDR05', '', '', '', '', '2020'),
('03', 'IMMDS06', 3, 2, 3, '06', 'S', 'IMHID05', '', '', '', '', '2020'),
('04', 'ISCIE05', 4, 3, 3, '05', 'S', 'ISCEL04', '', '', '', '', '2020'),
('04', 'ISTGS05', 3, 2, 2, '05', 'S', '', '', '', '', '', '2020'),
('04', 'EGIEC05', 3, 2, 3, '05', 'S', 'ISCYP04', '', '', '', '', '2020'),
('04', 'ISIOP05', 3, 2, 2, '05', 'S', 'EGALI04', '', '', '', '', '2020'),
('04', 'ISCRI05', 3, 2, 3, '05', 'S', 'ISPRO04', '', '', '', '', '2020'),
('04', 'ISPRO05', 4, 3, 4, '05', 'S', 'ISPRO04', '', '', '', '', '2020'),
('04', 'ISADC06', 4, 3, 3, '06', 'S', 'ISCIE05', '', '', '', '', '2020'),
('04', 'ISSOP06', 4, 3, 3, '06', 'S', 'ISCIE05', '', '', '', '', '2020'),
('04', 'ISBDD06', 4, 3, 3, '06', 'S', 'ISTGS05', '', '', '', '', '2020'),
('04', 'ISRDC06', 4, 3, 3, '06', 'S', 'ISCRI05', '', '', '', '', '2020'),
('04', 'ISSDI06', 4, 3, 3, '06', 'S', 'ISTGS05', '', '', '', '', '2020'),
('05', 'IBQAM05', 4, 2, 4, '05', 'S', 'IBBIQ04', '', '', '', '', '2020'),
('05', 'IBMME05', 3, 2, 2, '05', 'S', 'IBMET04', '', '', '', '', '2020'),
('05', 'IBHID05', 3, 2, 2, '05', 'S', 'IBGFI04', '', '', '', '', '2020'),
('05', 'IBCNU05', 4, 2, 4, '05', 'S', 'EGCDI04', '', '', '', '', '2020'),
('05', 'IBDLA05', 3, 2, 2, '05', 'S', '', '', '', '', '', '2020'),
('05', 'EGETI05', 3, 2, 2, '05', 'S', 'EGFIL01', '', '', '', '', '2020'),
('05', 'IBEDA06', 4, 2, 4, '06', 'S', 'IBHID05', '', '', '', '', '2020'),
('05', 'IBTYC06', 3, 2, 2, '06', 'S', '', '', '', '', '', '2020'),
('05', 'IBPIA06', 3, 2, 2, '06', 'S', '', '', '', '', '', '2020'),
('05', 'IBEAM06', 3, 2, 2, '06', 'S', 'EGECP01', '', '', '', '', '2020'),
('05', 'IBPCI06', 3, 2, 2, '06', 'S', '', '', '', '', '', '2020'),
('05', 'IBQAM06', 4, 2, 4, '06', 'S', 'IBQAM05', '', '', '', '', '2020'),
('06', 'EGESA03', 4, 3, 2, '05', 'S', 'EGMAT03', '', '', '', '', '2020'),
('06', 'IPOUP05', 3, 2, 3, '05', 'S', 'IPTAP04', '', '', '', '', '2020'),
('06', 'IPEMP05', 4, 3, 2, '05', 'S', 'IPTAP04', '', '', '', '', '2020'),
('06', 'EGTOP05', 3, 2, 2, '05', 'S', 'EGDTC01', '', '', '', '', '2020'),
('06', 'IPLIM05', 3, 2, 3, '05', 'S', 'IPOCG04', '', '', '', '', '2020'),
('06', 'IPBPE05', 4, 3, 3, '05', 'S', 'IPQRH04', 'EGQAN04', '', '', '', '2020'),
('06', 'IPOUP06', 3, 2, 3, '06', 'S', 'IPOUP05', '', '', '', '', '2020'),
('06', 'IPPRP06', 3, 2, 3, '06', 'S', 'IPBPE05', '', '', '', '', '2020'),
('06', 'IPCOP06', 3, 2, 2, '06', 'S', 'IPOCG04', 'EGTOP05', 'EGDTC01', '', '', '2020'),
('06', 'IPNAO06', 3, 2, 2, '06', 'S', 'IPBPE05', 'IPRGO03', '', '', '', '2020'),
('06', 'IPACU06', 3, 2, 3, '06', 'S', 'IPLIM05', '', '', '', '', '2020'),
('06', 'IPEMP06', 3, 2, 2, '06', 'S', 'IPOCG04', 'IPRRH02', '', '', '', '2020'),
('06', 'EGAGE06', 3, 2, 2, '06', 'S', 'EGECP01', '', '', '', '', '2020'),
('01', 'GPFPU07', 4, 2, 4, '07', 'S', 'GPCGU06', '', '', '', '', '2020'),
('01', 'GPDEO07', 4, 2, 4, '07', 'S', 'GPGPH06', '', '', '', '', '2020'),
('01', 'GPPES07', 3, 2, 2, '07', 'S', 'GPGOP06', '', '', '', '', '2020'),
('01', 'GPPSO07', 3, 2, 2, '07', 'S', 'GPBSO06', '', '', '', '', '2020'),
('01', 'GPIJR07', 3, 2, 2, '07', 'S', 'GPDTR06', '', '', '', '', '2020'),
('01', 'GPCGEEL', 4, 2, 4, '07', 'S', '', '', '', '', '', '2020'),
('01', 'GPCOREL', 4, 2, 4, '07', 'S', '', '', '', '', '', '2020'),
('01', 'GPPTREL', 4, 2, 4, '07', 'S', '', '', '', '', '', '2020'),
('01', 'GPGFI08', 4, 2, 4, '08', 'N', 'GPFPU07', 'GPDEO07', '', '', '', '2020'),
('01', 'GPIGR08', 4, 2, 4, '08', 'N', 'GPDEO07', 'GPPES07', '', '', '', '2020'),
('01', 'GPGNC08', 3, 2, 2, '08', 'N', 'GPPES07', 'GPPSO07', '', '', '', '2020'),
('01', 'GPSIN08', 3, 2, 2, '08', 'N', 'GPPSO07', 'GPIJR07', '', '', '', '2020'),
('01', 'GPDHG08', 3, 2, 2, '08', 'N', 'GPIJR07', '', '', '', '', '2020'),
('01', 'GPMSEEL', 4, 2, 4, '08', 'N', 'GPCGEEL', 'GPCOREL', 'GPPTREL', '', '', '2020'),
('01', 'GPEREEL', 4, 2, 4, '08', 'N', 'GPCGEEL', 'GPCOREL', 'GPPTREL', '', '', '2020'),
('01', 'GPDIHEL', 4, 2, 4, '08', 'N', 'GPCGEEL', 'GPCOREL', 'GPPTREL', '', '', '2020'),
('02', 'IATDC07', 4, 2, 5, '07', 'S', 'IAMDF06', '', '', '', '', '2020'),
('02', 'IAMEA07', 4, 3, 3, '07', 'S', 'IAOYM06', '', '', '', '', '2020'),
('02', 'IADEA07', 4, 3, 3, '07', 'S', 'IAMDF06', '', '', '', '', '2020'),
('02', 'IANUT07', 3, 2, 3, '07', 'S', 'IABDA05', 'IAAPA06', '', '', '', '2020'),
('02', 'IATAG07', 4, 3, 2, '07', 'S', 'IATAG06', '', '', '', '', '2020'),
('02', 'IAGCT07', 3, 2, 2, '07', 'S', 'IAAGX06', '', '', '', '', '2020'),
('02', 'IATDM08', 4, 2, 5, '08', 'N', 'IATDC07', 'EGAMT04', '', '', '', '2020'),
('02', 'IAIEC08', 4, 3, 2, '08', 'N', 'IATAG07', 'IAAGX06', '', '', '', '2020'),
('02', 'IACDC08', 4, 3, 3, '08', 'N', 'IANUT07', 'EGEYP04', '', '', '', '2020'),
('02', 'IACQU08', 3, 2, 2, '08', 'N', 'IAFIQ05', '', '', '', '', '2020'),
('02', 'IATAG08', 4, 3, 3, '08', 'N', 'IATAG07', '', '', '', '', '2020'),
('02', 'IAELIEL', 3, 2, 2, '08', 'N', '', '', '', '', '', '2020'),
('02', 'IAALBEL', 3, 2, 2, '08', 'N', '', '', '', '', '', '2020'),
('02', 'IAEDAEL', 3, 2, 2, '08', 'N', '', '', '', '', '', '2020'),
('03', 'IMMES07', 4, 3, 2, '07', 'S', 'IMTMT06', '', '', '', '', '2020'),
('03', 'IMGEO07', 4, 3, 3, '07', 'S', 'IMPET05', '', '', '', '', '2020'),
('03', 'IMSAM07', 3, 2, 3, '07', 'S', 'IMTMT06', '', '', '', '', '2020'),
('03', 'IMDEM07', 4, 3, 2, '07', 'S', 'IMMDS06', '', '', '', '', '2020'),
('03', 'IMVDM07', 4, 3, 3, '07', 'S', 'IMTMT06', 'IMMDS06', '', '', '', '2020'),
('03', 'IMGDM07', 3, 2, 3, '07', 'S', 'IMYDM06', 'IMPET05', '', '', '', '2020'),
('03', 'IMMES08', 3, 2, 2, '08', 'N', 'IMMES07', '', '', '', '', '2020'),
('03', 'IMTMM08', 3, 2, 2, '08', 'N', 'IMMDR06', '', '', '', '', '2020'),
('03', 'IMLDM08', 3, 2, 2, '08', 'N', '', '', '', '', '', '2020'),
('03', 'IMCOM08', 4, 3, 3, '08', 'N', 'IMDEM07', '', '', '', '', '2020'),
('03', 'IMGST08', 4, 3, 3, '08', 'N', 'IMGEO07', 'IMGDM07', '', '', '', '2020'),
('03', 'EGSOC08', 2, 2, 0, '08', 'N', '', '', '', '', '', '2020'),
('03', 'IMGETEL', 3, 2, 3, 'EL', 'N', 'IMGEO07', '', '', '', '', '2020'),
('03', 'IMDEXEL', 3, 2, 3, 'EL', 'N', 'EGPYE03', '', '', '', '', '2020'),
('03', 'IMMREEL', 3, 2, 3, 'EL', 'N', '', '', '', '', '', '2020'),
('03', 'IMSDTEL', 3, 2, 2, 'EL', 'N', '', '', '', '', '', '2020'),
('04', 'ISRVI07', 4, 3, 3, '07', 'S', '', '', '', '', '', '2020'),
('04', 'ISMDC07', 4, 3, 3, '07', 'S', 'ISADC06', '', '', '', '', '2020'),
('04', 'ISIDS07', 3, 2, 3, '07', 'S', 'ISSDI06', '', '', '', '', '2020'),
('04', 'ISPEE07', 3, 2, 2, '07', 'S', 'EGIEC05', '', '', '', '', '2020'),
('04', 'ISSDS07', 4, 3, 3, '07', 'S', 'ISRDC06', 'ISSOP06', '', '', '', '2020'),
('04', 'ISSEX07', 4, 2, 2, '07', 'S', 'ISSDI06', '', '', '', '', '2020'),
('04', 'ISPBN08', 4, 3, 3, '08', 'N', 'ISMDC07', '', '', '', '', '2020'),
('04', 'ISIDI08', 4, 3, 3, '08', 'N', 'ISIDS07', '', '', '', '', '2020'),
('04', 'ISROB08', 4, 3, 2, '08', 'N', 'ISMDC07', '', '', '', '', '2020'),
('04', 'ISSTD08', 4, 3, 3, '08', 'N', 'ISSEX07', '', '', '', '', '2020'),
('04', 'ISADS08', 4, 3, 3, '08', 'N', 'ISIDS07', '', '', '', '', '2020'),
('05', 'IBCCS07', 3, 2, 2, '07', 'S', 'IBQAM06', 'IBEDA06', '', '', '', '2020'),
('05', 'IBCAT07', 3, 2, 2, '07', 'S', 'IBQAM06', '', '', '', '', '2020'),
('05', 'IBRIN07', 3, 2, 2, '07', 'S', 'IBPIA06', '', '', '', '', '2020'),
('05', 'IBMAC07', 3, 2, 2, '07', 'S', '', '', '', '', '', '2020'),
('05', 'IBAGA07', 4, 2, 4, '07', 'S', 'IBPCI06', 'IBDLA05', '', '', '', '2020'),
('05', 'IBENCEL', 4, 2, 2, '07', 'S', '', '', '', '', '', '2020'),
('05', 'IBEMAEL', 4, 2, 2, '07', 'S', '', '', '', '', '', '2020'),
('05', 'IBBAMEL', 4, 2, 2, '07', 'S', '', '', '', '', '', '2020'),
('05', 'IBEES08', 4, 2, 4, '08', 'N', 'IBCCS07', '', '', '', '', '2020'),
('05', 'IBMRS08', 3, 2, 2, '08', 'N', 'IBCCS07', 'IBAGA07', '', '', '', '2020'),
('05', 'IBSIG08', 3, 2, 2, '08', 'N', 'IBTYC06', '', '', '', '', '2020'),
('05', 'IBSAM08', 3, 2, 2, '08', 'N', 'IBAGA07', '', '', '', '', '2020'),
('05', 'IBCCA08', 3, 2, 2, '08', 'N', 'IBQAM06', 'IBCAT07', '', '', '', '2020'),
('05', 'IBBIDEL', 4, 2, 2, '08', 'N', 'IBENCEL', 'IBEMAEL', 'IBBAMEL', '', '', '2020'),
('05', 'IBEMIEL', 4, 2, 2, '08', 'N', 'IBENCEL', 'IBEMAEL', 'IBBAMEL', '', '', '2020'),
('05', 'IBECUEL', 4, 2, 2, '08', 'N', 'IBENCEL', 'IBEMAEL', 'IBBAMEL', '', '', '2020'),
('06', 'IPPRP07', 3, 2, 3, '07', 'S', 'IPPRP06', '', '', '', '', '2020'),
('06', 'IPMIP07', 3, 2, 2, '07', 'S', 'IPBPE05', '', '', '', '', '2020'),
('06', 'IPACU07', 3, 2, 3, '07', 'S', 'IPACU06', '', '', '', '', '2020'),
('06', 'IPMAP07', 3, 2, 2, '07', 'S', 'IPEMP06', '', '', '', '', '2020'),
('06', 'EGSYC07', 3, 2, 2, '07', 'S', '', '', '', '', '', '2020'),
('06', 'IPESP07', 3, 2, 2, '07', 'S', 'EGESA03', 'IPPRP06', '', '', '', '2020'),
('06', 'IPRCR07', 3, 2, 2, '07', 'S', 'IPOUP06', '', '', '', '', '2020'),
('06', 'IPERH08', 3, 2, 2, '08', 'N', 'IPACU07', 'IPNAO06', '', '', '', '2020'),
('06', 'IPPRP08', 3, 2, 3, '08', 'N', 'IPPRP07', '', '', '', '', '2020'),
('06', 'IPSAC08', 3, 2, 2, '08', 'N', 'IPMIP07', 'IPACU07', '', '', '', '2020'),
('06', 'IPINP08', 3, 3, 3, '08', 'N', 'IPMAP07', '', '', '', '', '2020'),
('06', 'IPNSB08', 3, 2, 2, '08', 'N', 'IPMAP07', 'IPCOP06', '', '', '', '2020'),
('06', 'IPMAR08', 3, 2, 3, '08', 'N', 'IPACU07', '', '', '', '', '2020'),
('06', 'IPPES08', 3, 2, 2, '08', 'N', 'EGAGE06', '', '', '', '', '2020'),
('03', 'IMPVR09', 4, 3, 3, '09', 'N', 'IMMES08', '', '', '', '', '2020'),
('03', 'IMSHM09', 4, 3, 2, '09', 'N', '', '', '', '', '', '2020'),
('03', 'IMEMV09', 4, 3, 2, '09', 'N', 'IMTMM08', '', '', '', '', '2020'),
('03', 'IMCAP09', 4, 3, 3, '09', 'N', 'IMMNU06', '', '', '', '', '2020'),
('03', 'IMECM09', 3, 2, 2, '09', 'N', 'IMTMM08', '', '', '', '', '2020'),
('03', 'IMGAPEL', 3, 2, 3, 'EL', 'N', 'IMGST08', '', '', '', '', '2020'),
('03', 'IMASM10', 4, 3, 3, '10', 'N', 'IMCAP09', '', '', '', '', '2020'),
('03', 'IMMMA10', 4, 3, 3, '10', 'N', 'IMSHM09', '', '', '', '', '2020'),
('03', 'IMPDM10', 4, 3, 3, '10', 'N', 'IMCAP09', '', '', '', '', '2020'),
('03', 'IMPYM10', 3, 2, 2, '10', 'N', 'IMEMV09', 'IMECM09', '', '', '', '2020'),
('03', 'IMSRSEL', 3, 2, 3, 'EL', 'N', 'IMCAP09', '', '', '', '', '2020'),
('03', 'IMCAPEL', 3, 2, 3, 'EL', 'N', 'IMCAP09', '', '', '', '', '2020'),
('03', 'IMADM10', 4, 3, 2, '10', 'N', 'IMEMV09', 'IMECM09', '', '', '', '2020'),
('01', 'GPAUD09', 4, 2, 4, '09', 'N', 'GPGFI08', '', '', '', '', '2020'),
('01', 'GPDRF09', 4, 2, 4, '09', 'N', 'GPIGR08', '', '', '', '', '2020'),
('01', 'GPDEP09', 3, 2, 2, '09', 'N', 'GPGNC08', '', '', '', '', '2020'),
('01', 'GPIGE09', 3, 2, 2, '09', 'N', 'GPSIN08', '', '', '', '', '2020'),
('01', 'GPDIN09', 4, 2, 4, '09', 'N', 'GPDHG08', '', '', '', '', '2020'),
('01', 'GPSIGEL', 4, 2, 4, '09', 'N', 'GPMSEEL', 'GPEREEL', 'GPDIHEL', '', '', '2020'),
('01', 'GPSIPEL', 4, 2, 4, '09', 'N', 'GPEREEL', 'GPMSEEL', 'GPDIHEL', '', '', '2020'),
('01', 'GPMPYEL', 4, 2, 4, '09', 'N', 'GPDIHEL', 'GPMSEEL', 'GPEREEL', '', '', '2020'),
('01', 'GPDEP10', 4, 2, 4, '10', 'N', 'GPAUD09', 'GPIGR08', '', '', '', '2020'),
('01', 'GPDPR10', 3, 2, 2, '10', 'N', 'GPDRF09', '', '', '', '', '2020'),
('01', 'GPGEP10', 3, 2, 2, '10', 'N', 'GPDEP09', '', '', '', '', '2020'),
('01', 'GPDPP10', 3, 2, 2, '10', 'N', 'GPIGE09', '', '', '', '', '2020'),
('01', 'GPLPD10', 3, 2, 2, '10', 'N', 'GPDIN09', '', '', '', '', '2020'),
('01', 'GPDRFEL', 4, 2, 4, '10', 'N', 'GPSIGEL', 'GPSIPEL', 'GPMPYEL', '', '', '2020'),
('01', 'GPAUDEL', 4, 2, 4, '10', 'N', 'GPSIPEL', 'GPSIGEL', 'GPMPYEL', '', '', '2020'),
('01', 'GPPFIEL', 4, 2, 4, '10', 'N', 'GPMPYEL', 'GPSIGEL', 'GPSIPEL', '', '', '2020'),
('02', 'IACME09', 4, 3, 3, '09', 'N', 'IAOYM06', '', '', '', '', '2020'),
('02', 'IABDA09', 4, 3, 3, '09', 'N', 'IACQU08', '', '', '', '', '2020'),
('02', 'IASDI09', 3, 2, 2, '09', 'N', '', '', '', '', '', '2020'),
('02', 'IAPAG09', 4, 3, 3, '09', 'N', 'IAIEC08', '', '', '', '', '2020'),
('02', 'IATAG09', 4, 3, 3, '09', 'N', 'IATAG08', '', '', '', '', '2020'),
('02', 'IAFAGEL', 3, 2, 2, '09', 'N', '', '', '', '', '', '2020'),
('02', 'IAICTEL', 3, 2, 2, '09', 'N', '', '', '', '', '', '2020'),
('02', 'IATDFEL', 3, 2, 2, '09', 'N', '', '', '', '', '', '2020'),
('02', 'IADPA10', 4, 3, 2, '10', 'N', 'IATAG09', 'IATDM08', '', '', '', '2020'),
('02', 'IAEYV10', 4, 3, 2, '10', 'N', 'IAPAG09', '', '', '', '', '2020'),
('02', 'IAPSI10', 3, 2, 2, '10', 'N', '', '', '', '', '', '2020'),
('02', 'IASHI10', 4, 3, 2, '10', 'N', 'IAMEA07', 'IADEA07', '', '', '', '2020'),
('02', 'EGAGE06', 4, 3, 2, '10', 'N', '', '', '', '', '', '2020'),
('02', 'IAMYCEL', 3, 2, 2, '10', 'N', '', '', '', '', '', '2020'),
('02', 'IAENOEL', 3, 2, 2, '10', 'N', '', '', '', '', '', '2020'),
('02', 'IAADAEL', 3, 2, 2, '10', 'N', '', '', '', '', '', '2020'),
('04', 'ISSSI09', 4, 3, 2, '09', 'N', 'ISADS08', '', '', '', '', '2020'),
('04', 'ISSIM09', 3, 2, 3, '09', 'N', 'ISSTD08', '', '', '', '', '2020'),
('04', 'ISDPS09', 4, 3, 3, '09', 'N', 'ISIDI08', '', '', '', '', '2020'),
('04', 'ISRDP09', 3, 2, 3, '09', 'N', 'ISADS08', '', '', '', '', '2020'),
('04', 'ISFEP09', 3, 2, 3, '09', 'N', 'ISPEE07', '', '', '', '', '2020'),
('04', 'ISSDGEL', 3, 2, 3, '09', 'N', '', '', '', '', '', '2020'),
('04', 'ISCOREL', 3, 2, 3, '09', 'N', '', '', '', '', '', '2020'),
('04', 'ISTYT10', 4, 3, 3, '10', 'N', 'ISSDS07', '', '', '', '', '2020'),
('04', 'ISCCS10', 4, 3, 3, '10', 'N', 'ISSSI09', '', '', '', '', '2020'),
('04', 'ISEPV10', 3, 2, 2, '10', 'N', 'ISSIM09', '', '', '', '', '2020'),
('04', 'ISSDT10', 3, 2, 2, '10', 'N', 'ISFEP09', '', '', '', '', '2020'),
('04', 'ISPSIEL', 3, 2, 3, '10', 'N', '', '', '', '', '', '2020'),
('04', 'ISDWEEL', 3, 2, 3, '10', 'N', '', '', '', '', '', '2020'),
('04', 'ISCOEEL', 3, 2, 3, '10', 'N', '', '', '', '', '', '2020'),
('05', 'IBMEA09', 3, 2, 2, '09', 'N', 'IBCCA08', 'IBMRS08', '', '', '', '2020'),
('05', 'IBFEP09', 3, 2, 2, '09', 'N', 'IBCCA08', '', '', '', '', '2020'),
('05', 'IBMSA09', 3, 2, 2, '09', 'N', 'IBSIG08', 'IBEES08', '', '', '', '2020'),
('05', 'IBAEC09', 3, 2, 2, '09', 'N', 'IBEES08', 'IBCCA08', 'IBCCS07', '', '', '2020'),
('05', 'IBBYD09', 4, 2, 4, '09', 'N', 'IBTYC06', 'IBSIG08', '', '', '', '2020'),
('05', 'IBECOEL', 4, 2, 2, '09', 'N', 'IBBIDEL', 'IBEMIEL', 'IBECUEL', '', '', '2020'),
('05', 'IBZOOEL', 4, 2, 2, '09', 'N', 'IBEMIEL', 'IBECUEL', 'IBBIDEL', '', '', '2020'),
('05', 'IBBOTEL', 4, 2, 2, '09', 'N', 'IBECUEL', 'IBBIDEL', 'IBEMIEL', '', '', '2020'),
('05', 'IBTPA10', 3, 2, 2, '10', 'N', 'IBFEP09', '', '', '', '', '2020'),
('05', 'IBMEA10', 3, 2, 2, '10', 'N', 'IBMEA09', '', '', '', '', '2020'),
('05', 'IBPAM10', 3, 2, 2, '10', 'N', 'IBBYD09', 'IBEES08', 'IBSIG08', 'IBMEA09', '', '2020'),
('05', 'IBRAM10', 3, 2, 2, '10', 'N', 'IBFEP09', '', '', '', '', '2020'),
('05', 'IBAAM10', 4, 2, 4, '10', 'N', 'IBBYD09', '', '', '', '', '2020'),
('05', 'IBTLIEL', 4, 2, 2, '10', 'N', 'IBECOEL', 'IBZOOEL', 'IBBOTEL', '', '', '2020'),
('05', 'IBCUREL', 4, 2, 2, '10', 'N', 'IBZOOEL', 'IBECOEL', 'IBBOTEL', '', '', '2020'),
('05', 'IBCCLEL', 4, 2, 2, '10', 'N', 'IBBOTEL', 'IBECOEL', 'IBZOOEL', '', '', '2020'),
('06', 'IPCAA09', 3, 2, 2, '09', 'N', 'IPSAC08', 'IPLIM05', '', '', '', '2020'),
('06', 'IPPMC09', 3, 2, 2, '09', 'N', 'IPINP08', 'IPNSB08', '', '', '', '2020'),
('06', 'IPECP09', 3, 2, 2, '09', 'N', 'IPPES08', '', '', '', '', '2020'),
('06', 'IPDEM09', 3, 2, 2, '09', 'N', 'IPPES08', '', '', '', '', '2020'),
('06', 'IPSDT09', 3, 2, 2, '09', 'N', 'IPMAR08', 'EGCTI01', '', '', '', '2020'),
('06', 'IPSCP10', 3, 2, 2, '10', 'N', 'IPPRP08', '', '', '', '', '2020'),
('06', 'IPCDP10', 3, 2, 2, '10', 'N', 'IPDEM09', 'IPPRP08', '', '', '', '2020'),
('06', 'IPEIA10', 3, 2, 2, '10', 'N', 'IPCAA09', '', '', '', '', '2020'),
('06', 'IPPHA10', 3, 2, 2, '10', 'N', 'IPPRP08', '', '', '', '', '2020'),
('06', 'IPFEP10', 3, 2, 2, '10', 'N', 'IPECP09', '', '', '', '', '2020'),
('06', 'IPFLPEL', 3, 2, 2, 'EL', 'N', '', '', '', '', '', '2020'),
('06', 'IPNYMEL', 3, 2, 2, 'EL', 'N', '', '', '', '', '', '2020'),
('06', 'IPIDDEL', 3, 2, 2, 'EL', 'N', '', '', '', '', '', '2020'),
('06', 'IPIAPEL', 3, 2, 2, 'EL', 'N', '', '', '', '', '', '2020'),
('06', 'IPEAPEL', 3, 2, 2, 'EL', 'N', '', '', '', '', '', '2020'),
('06', 'IPNBSEL', 2, 0, 6, 'EL', 'N', '', '', '', '', '', '2020'),
('06', 'IPBUAEL', 3, 2, 6, 'EL', 'N', '', '', '', '', '', '2020'),
('06', 'IPBATEL', 3, 2, 2, 'EL', 'N', '', '', '', '', '', '2020'),
('06', 'IPLAREL', 3, 2, 2, 'EL', 'N', '', '', '', '', '', '2020'),
('06', 'IPDGAEL', 3, 2, 2, 'EL', 'N', '', '', '', '', '', '2020'),
('06', 'IPGAAEL', 3, 2, 2, 'EL', 'N', '', '', '', '', '', '2020'),
('06', 'IPCCMEL', 3, 2, 2, 'EL', 'N', '', '', '', '', '', '2020'),
('06', 'IPCEFEL', 3, 2, 2, 'EL', 'N', '', '', '', '', '', '2020'),
('06', 'IPCEAEL', 3, 2, 2, 'EL', 'N', '', '', '', '', '', '2020'),
('06', 'IPCAVEL', 3, 2, 2, 'EL', 'N', '', '', '', '', '', '2020'),
('06', 'IPCEOEL', 3, 2, 2, 'EL', 'N', '', '', '', '', '', '2020'),
('06', 'IPDPPEL', 3, 2, 2, 'EL', 'N', '', '', '', '', '', '2020'),
('06', 'IPPSPEL', 3, 2, 2, 'EL', 'N', '', '', '', '', '', '2020'),
('06', 'IPSPDEL', 3, 2, 2, 'EL', 'N', '', '', '', '', '', '2020'),
('06', 'IPEPPEL', 3, 2, 2, 'EL', 'N', '', '', '', '', '', '2020');

-- --------------------------------------------------------

--
-- Estructura de tabla para la tabla `curso`
--

CREATE TABLE `curso` (
  `CODI_CURS` char(7) DEFAULT NULL,
  `DESC_CURS` char(60) DEFAULT NULL
) ENGINE=MyISAM DEFAULT CHARSET=latin1 COLLATE=latin1_swedish_ci COMMENT='InnoDB free: 6144 kB; InnoDB free: 7168 kB' PACK_KEYS=0 ROW_FORMAT=COMPACT;

--
-- Volcado de datos para la tabla `curso`
--

INSERT INTO `curso` (`CODI_CURS`, `DESC_CURS`) VALUES
('EGMAT01', 'MATEMÁTICA I'),
('EGRYC01', 'REDACCIÓN Y COMUNICACIÓN'),
('EGMTU01', 'METODOLOGIA Y TÉCNICAS DE ESTUDIO'),
('GPIGP01', 'INTRODUCCIÓN A LA GESTIÓN PÚBLICA Y DESARROLLO SOCIAL'),
('GPCCP01', 'CIENCIA POLÍTICA'),
('EGFIL01', 'FILOSOFÍA'),
('EGQUM01', 'QUÍMICA I'),
('EGGGN01', 'GEOLOGÍA GENERAL'),
('EGMAA01', 'MATEMÁTICA'),
('EGDTC01', 'DIBUJO TÉCNICO'),
('IMIPR01', 'INTRODUCCIÓN A LA PROGRAMACIÓN'),
('EGCTI01', 'CIENCIA TECNOLOGIA E INNOVACION'),
('EGESD01', 'ESTADISTICA DESCRIPTIVA'),
('IAAGI01', 'AGROINDUSTRIA'),
('ISOFM01', 'OFIMATICA'),
('EGECP01', 'ECONOMÍA CONTEMPORÁNEA'),
('IBIIA01', 'INTRODUCCIÓN A LA INGENIERÍA AMBIENTAL'),
('EGBIO01', 'BIOLOGÍA'),
('IPQUG01', 'QUÍMICA GENERAL'),
('IPBAC01', 'BIOLOGÍA ACUÁTICA'),
('IPIPE01', 'INTRODUCCIÓN A LA PESQUERÍA'),
('IPRRH01', 'RECURSOS HIDROBIOLÓGICOS I'),
('GPHIP02', 'HISTORIA DE LAS IDEAS POLITICAS EN EL PERU'),
('EGITD02', 'INTRODUCCION AL DERECHO'),
('EGAMT02', 'ANALISIS MATEMATICO I'),
('EGQGI02', 'QUIMICA GENERAL E INORGANICA'),
('IBECL02', 'ECOLOGIA'),
('IAMEC02', 'MECANICA'),
('EGMTE02', 'METODOS Y TECNICAS DE ESTUDIO'),
('EGFIS02', 'FISICA I'),
('EGMAT02', 'MATEMATICA II'),
('EGQUM02', 'QUIMICA II'),
('EGGDC02', 'GEOMETRIA DESCRIPTIVA'),
('IMGMO02', 'GEOMORFOLOGIA'),
('IMMGN02', 'MINERALOGIA GENERAL'),
('EGQUI02', 'QUIMICA'),
('ISAED02', 'ALGORITMOS Y ESTRUCTURA DE DATOS'),
('EGFSC02', 'FISICA'),
('EGEST02', 'ESTADISTICA'),
('IPRRH02', 'RECURSOS HIDROBIOLOGICOS II'),
('IPECA02', 'ECOLOGIA ACUATICA'),
('IPNBS02', 'NATACION, BUCEO Y SUPERVIVENCIA I'),
('IAAGR03', 'AGRICULTURA'),
('EGAMT03', 'ANÁLISIS MATEMÁTICO II'),
('IAAQA03', 'ANÁLISIS QUÍMICO AGRÍCOLA'),
('EGCDI03', 'CÁLCULO DIFERENCIAL Y CÁLCULO INTEGRAL I'),
('EGCON03', 'CONTABILIDAD'),
('IACDA03', 'CRIANZA DE ANIMALES'),
('GPDCO03', 'DERECHO CONSTITUCIONAL'),
('ISEYM03', 'ELECTRICIDAD Y MAGNETISMO'),
('IAEMO03', 'ELECTRICIDAD, MAGNETISMO Y  ÓPTICA'),
('GPEDE03', 'ENFOQUES DE DESARROLLO'),
('EGESA03', 'ESTADÍSTICA APLICADA'),
('EGFIS03', 'FÍSICA II'),
('GPFGS03', 'FUNDAMENTO DE LA GERENCIA SOCIAL'),
('EGGLG03', 'GEOLOGÍA'),
('GPIPA03', 'INSTITUCIONES POLITICAS Y ADMINISTRATIVAS'),
('IMIAM03', 'INTRODUCCIÓN A LA MINERÍA'),
('ISMDI03', 'MATEMÁTICA DISCRETA'),
('EGMAT03', 'MATEMÁTICA III'),
('EGMDI03', 'METODOLOGÍA DE LA INVESTIGACIÓN'),
('IBMIC03', 'MICROBIOLOGÍA'),
('EGMEC03', 'MICROECONOMÍA'),
('EGPYE03', 'PROBABILIDAD Y ESTADÍSTICA'),
('EGPIE03', 'PROBABILIDADES E INFERENCIA ESTADÍSTICA'),
('ISPRO03', 'PROGRAMACIÓN I'),
('EGQOR03', 'QUÍMICA ORGÁNICA'),
('IPRPP03', 'REALIDAD Y PERSPECTIVAS DE LA PESQUERÍA'),
('IPRGO03', 'REPRODUCCIÓN Y GENÉTICA DE ORGANISMOS ACUÁTICOS'),
('EGTGE03', 'TOPOGRAFÍA GENERAL'),
('EGALI04', 'ÁLGEBRA LINEAL'),
('EGAMT04', 'ANÁLISIS MATEMÁTICO III'),
('EGCDI04', 'CÁLCULO DIFERENCIAL Y CÁLCULO INTEGRAL II'),
('EGETI04', 'ETICA'),
('EGEYP04', 'ESTADÍSTICA Y PROBABILIDADES'),
('EGMAC04', 'MACROECONOMIA'),
('EGMAT04', 'MATEMÁTICA IV'),
('EGQAN04', 'QUÍMICA ANALÍTICA'),
('EGSDI04', 'SEMINARIO DE INVESTIGACIÓN'),
('GPPSD04', 'POLITICAS SOCIALES Y DESARROLLO SOCIAL'),
('GPSTP04', 'SISTEMA TRIBUTARIO PERUANO'),
('GPTAP04', 'TEORIA DE LA ADMINISTRACION PUBLICA'),
('GPTMO04', 'TEORÍA Y MODELOS ORGANIZACIONALES'),
('IABIQ04', 'BIOQUÍMICA'),
('IACAG04', 'CULTIVOS AGROINDUSTRIALES'),
('IALDP04', 'LENGUAJE DE PROGRAMACIÓN'),
('IARNR04', 'RECURSOS NATURALES RENOVABLES'),
('IBBIQ04', 'BIOQUÍMICA'),
('IBGFI04', 'GEOGRAFÍA FÍSICA'),
('IBMET04', 'METEOROLOGÍA'),
('IMIEL04', 'INGENIERÍA ELÉCTRICA'),
('IMMCR04', 'MECÁNICA DEL CUERPO RÍGIDO'),
('IMMDE04', 'MINERALOGÍA DESCRIPTIVA'),
('IMTMI04', 'TOPOGRAFÍA MINERA'),
('IPOCG04', 'OCEANOGRAFÍA GENERAL'),
('IPQRH04', 'QUÍMICA DE LOS RECURSOS HIDROBIOLÓGICOS'),
('IPTAP04', 'TERMODINÁMICA APLICADA'),
('ISCEL04', 'CIRCUITOS ELÉCTRICOS'),
('ISCYP04', 'COSTOS Y PRESUPUESTOS'),
('ISDDE04', 'DISEÑO DE EXPERIMENTOS'),
('ISMNA04', 'MÉTODOS NUMÉRICOS APLICADOS'),
('ISPRO04', 'PROGRAMACIÓN II'),
('EGAGE06', 'ADMINISTRACIÓN Y GESTIÓN EMPRESARIAL'),
('EGETI05', 'ÉTICA'),
('EGIEC05', 'INGENIERÍA ECONÓMICA'),
('EGTOP05', 'TOPOGRAFÍA'),
('GPARH05', 'ADMINISTRACIÓN DE RECURSOS HUMANOS'),
('GPBSO06', 'BALANCE SOCIAL'),
('GPCDE05', 'CULTURA Y DESARROLLO'),
('GPCGU06', 'CONTABILIDAD GUBERNAMENTAL'),
('GPCON05', 'CONTABILIDAD'),
('GPDAD05', 'DERECHO ADMINISTRATIVO'),
('GPDDO05', 'DISEÑO Y DESARROLLO ORGANIZACIONAL'),
('GPDTR06', 'DERECHO TRIBUTARIO'),
('GPGME06', 'GLOBALIZACIÓN Y MERCADO'),
('GPGOP06', 'GERENCIA EN OPERACIONES'),
('GPGPH06', 'GESTIÓN DEL POTENCIAL HUMANO'),
('GPMSO05', 'MERCADEO SOCIAL'),
('IAAGX06', 'AGROEXPORTACIÓN'),
('IAAPA06', 'ANÁLISIS DE PRODUCTOS AGROINDUSTRIALES'),
('IABDA05', 'BIOQUÍMICA DE LOS ALIMENTOS'),
('IABME05', 'BALANCE DE MATERIA Y ENERGÍA'),
('IADIN05', 'DIBUJO DE INGENIERÍA'),
('IAFIQ05', 'FISICOQUÍMICA'),
('IAMAG05', 'MICROBIOLOGÍA AGROINDUSTRIAL'),
('IAMDF06', 'MECÁNICA DE FLUIDOS'),
('IAMNA05', 'MÉTODOS NUMÉRICOS APLICADOS'),
('IAOYM06', 'ÓRGANOS Y MÁQUINAS'),
('IATAG06', 'TECNOLOGÍA AGROINDUSTRIAL I'),
('IATER06', 'TERMODINÁMICA'),
('IBCNU05', 'CÁLCULO NUMÉRICO'),
('IBDLA05', 'DERECHO Y LEGISLACIÓN AMBIENTAL'),
('IBEAM06', 'ECONOMÍA AMBIENTAL'),
('IBEDA06', 'EDAFOLOGÍA'),
('IBHID05', 'HIDROLOGÍA'),
('IBMME05', 'MICRO METEOROLOGÍA'),
('IBPCI06', 'PERÚ EN EL CONTEXTO INTERNACIONAL'),
('IBPIA06', 'PROCESOS INDUSTRIALES Y AMBIENTALES'),
('IBQAM05', 'QUÍMICA AMBIENTAL I'),
('IBQAM06', 'QUÍMICA AMBIENTAL II'),
('IBTYC06', 'TOPOGRAFÍA Y CARTOGRAFÍA'),
('IMBDM05', 'BENEFICIO DE MINERALES'),
('IMHID05', 'HIDRÁULICA'),
('IMIDE06', 'INGENIERÍA DEL EXPLOSIVO'),
('IMIDP05', 'INGENIERÍA DE PRODUCCIÓN'),
('IMMDR05', 'MECÁNICA DE ROCAS I'),
('IMMDR06', 'MECÁNICA DE ROCAS II'),
('IMMDS06', 'MECÁNICA DE SUELOS'),
('IMMNU06', 'MÉTODOS NUMÉRICOS'),
('IMPET05', 'PETROLOGÍA'),
('IMRDM05', 'RESISTENCIA DE MATERIALES'),
('IMTMT06', 'TÚNELES Y MOVIMIENTO DE TIERRAS'),
('IMYDM06', 'YACIMIENTOS DE MINERALES'),
('IPACU06', 'ACUICULTURA 1'),
('IPBPE05', 'BIOQUÍMICA PESQUERA'),
('IPCOP06', 'CONSTRUCCIONES PESQUERAS'),
('IPEMP05', 'ELEMENTOS DE MÁQUINAS PESQUERAS'),
('IPEMP06', 'EMBARCACIONES PESQUERAS'),
('IPLIM05', 'LIMNOLOGÍA'),
('IPNAO06', 'NUTRICIÓN Y ALIMENTACIÓN DE ORGANISMOS ACUÁTICOS'),
('IPOUP05', 'OPERACIONES UNITARIAS PESQUERAS I'),
('IPOUP06', 'OPERACIONES UNITARIAS PESQUERAS II'),
('IPPRP06', 'PROCESOS PESQUEROS I'),
('ISADC06', 'ARQUITECTURA DE COMPUTADORAS'),
('ISBDD06', 'BASE DE DATOS'),
('ISCIE05', 'CIRCUITOS ELECTRÓNICOS'),
('ISCRI05', 'CRIPTOGRAFÍA'),
('ISIOP05', 'INVESTIGACIÓN OPERATIVA'),
('ISPRO05', 'PROGRAMACIÓN III'),
('ISRDC06', 'REDES DE COMPUTADORAS'),
('ISSDI06', 'SISTEMAS DE INFORMACIÓN'),
('ISSOP06', 'SISTEMAS OPERATIVOS'),
('ISTGS05', 'TEORÍA GENERAL DE SISTEMAS'),
('EGSOC08', 'SOCIOLOGÍA'),
('EGSYC07', 'SOCIEDAD Y CULTURA'),
('GPCGEEL', 'CONTABILIDAD GERENCIAL'),
('GPCOREL', 'COMPORTAMIENTO ORGANIZACIONAL'),
('GPDEO07', 'DIRECCIÓN ESTRATÉGICA DE ORGANIZACIONES'),
('GPDHG08', 'DERECHOS HUMANOS Y GESTIÓN PÚBLICA'),
('GPDIHEL', 'DERECHO INTERNACIONAL HUMANITARIO'),
('GPEREEL', 'ESTADO Y REGULACION'),
('GPFPU07', 'FINANZAS PÚBLICAS'),
('GPGFI08', 'GESTIÓN FINANCIERA'),
('GPGNC08', 'GESTIÓN, NEGOCIACIÓN Y MANEJO DE CONFLICTOS'),
('GPIGR08', 'INSTRUMENTOS PARA LA GESTIÓN REGIONAL Y LOCAL'),
('GPIJR07', 'INSTITUCIONES JURÍDICOS DE REGULACIÓN'),
('GPMSEEL', 'MERCADOTECNIA DE SERVICIOS'),
('GPPES07', 'PLANIFICACIÓN ESTRATÉGICA'),
('GPPSO07', 'PRODUCTIVIDAD SOCIAL'),
('GPPTREL', 'PROCEDIMIENTOS TRIBUTARIOS'),
('GPSIN08', 'SISTEMAS DE INFORMACIÓN'),
('IAALBEL', 'ALIMENTOS BALANCEADOS'),
('IACDC08', 'CONTROL DE CALIDAD'),
('IACQU08', 'CINÉTICA QUÍMICA'),
('IADEA07', 'DISEÑO DE EQUIPOS AGROINDUSTRIALES'),
('IAEDAEL', 'EDAFOLOGÍA'),
('IAELIEL', 'OLIVICULTURA'),
('IAGCT07', 'GESTIÓN DE LA CALIDAD TOTAL'),
('IAIEC08', 'INGENIERÍA ECONÓMICA'),
('IAMEA07', 'MECÁNICA AGROINDUSTRIAL'),
('IANUT07', 'NUTRICIÓN'),
('IATAG07', 'TECNOLOGÍA AGROINDUSTRIAL II'),
('IATAG08', 'TECNOLOGÍA AGROINDUSTRIAL III'),
('IATDC07', 'TRANSFERENCIA DE CALOR'),
('IATDM08', 'TRANSFERENCIA DE MASA'),
('IBAGA07', 'ADMINISTRACIÓN Y GESTIÓN DE AMBIENTE'),
('IBBAMEL', 'BIOTECNOLOGÍA AMBIENTAL'),
('IBBIDEL', 'BIODIVERSIDAD'),
('IBCAT07', 'CONTAMINACIÓN ATMOSFÉRICA'),
('IBCCA08', 'CONTAMINACIÓN Y CONTROL DE AGUAS'),
('IBCCS07', 'CONTAMINACIÓN Y CONTROL DE SUELOS'),
('IBECUEL', 'ECOLOGÍA CULTURAL'),
('IBEES08', 'ECOSISTEMAS ESTRATÉGICOS'),
('IBEMAEL', 'ECOTURISMO Y MANEJO DE ÁREAS RECREATIVAS'),
('IBEMIEL', 'ECOLOGÍA MICROBIANA'),
('IBENCEL', 'ENERGÍA NO CONVENCIONAL'),
('IBMAC07', 'MANEJOS AMBIENTAL DE CUENCAS'),
('IBMRS08', 'MANEJO DE RESIDUOS SÓLIDOS'),
('IBRIN07', 'RELACIONES INDUSTRIALES'),
('IBSAM08', 'SANEAMIENTO AMBIENTAL'),
('IBSIG08', 'SISTEMA DE INFORMACIÓN GEOGRÁFICA'),
('IMCOM08', 'CONTROL DE OPERACIONES MINERAS'),
('IMDEM07', 'DISEÑO DE ESTRUCTURAS MINERAS'),
('IMDEXEL', 'DISEÑO EXPERIMENTAL'),
('IMGDM07', 'GEOLOGÍA DE MINAS'),
('IMGEO07', 'GEODESIA'),
('IMGETEL', 'GEOTECNIA'),
('IMGST08', 'GEOESTADÍSTICA'),
('IMLDM08', 'LEGISLACIÓN DE MINAS'),
('IMMES07', 'MÉTODOS DE EXPLOTACIÓN SUBTERRÁNEA'),
('IMMES08', 'MÉTODOS DE EXPLOTACIÓN SUPERFICIAL'),
('IMMREEL', 'MECÁNICA DE ROCAS ESPECIAL'),
('IMSAM07', 'SERVICIOS AUXILIARES MINEROS'),
('IMSDTEL', 'SEMINARIO DE TESIS'),
('IMTMM08', 'TRANSACCIÓN DE MINERALES METÁLICOS'),
('IMVDM07', 'VENTILACIÓN DE MINAS'),
('IPACU07', 'ACUICULTURA II'),
('IPERH08', 'EVAL. DE RECURSOS HIDROBIOLÓGICOS'),
('IPESP07', 'EVALUACIÓN SENSORIAL DE LOS PRODUCTOS PESQUEROS'),
('IPINP08', 'INSTRUMENTACIÓN PESQUERA'),
('IPMAP07', 'MATERIALES, MÉTODOS Y ARTES DE PESCA'),
('IPMAR08', 'MARICULTURA'),
('IPMIP07', 'MICROBIOLOGÍA PESQUERA'),
('IPNSB08', 'NAVEGACIÓN Y SEGURIDAD A BORDO'),
('IPPES08', 'PLANEAMIENTO ESTRATÉGICO'),
('IPPRP07', 'PROCESOS PESQUEROS II'),
('IPPRP08', 'PROCESOS PESQUEROS III'),
('IPRCR07', 'REFRIGERACIÓN Y CONGELACIÓN DE RECURSOS HIDROBIOLÓGICOS'),
('IPSAC08', 'SANIDAD ACUÍCOLA'),
('ISADS08', 'AUDITORIA DE SISTEMAS'),
('ISIDI08', 'INGENIERÍA DE LA INFORMACIÓN'),
('ISIDS07', 'INGENIERÍA DEL SOFTWER'),
('ISMDC07', 'MANTENIMIENTO DE COMPUTADORAS'),
('ISPBN08', 'PROGRAMACIÓN DE BAJO NIVEL'),
('ISPEE07', 'PLAN ESTRAT. Y CREATIVIDAD EMPRESARIAL'),
('ISROB08', 'ROBÓTICA'),
('ISRVI07', 'REALIDAD VIRTUAL'),
('ISSDS07', 'SISTEMAS DISTRIBUIDOS'),
('ISSEX07', 'SISTEMAS EXPERTOS'),
('ISSTD08', 'SISTEMAS PARA LA TOMA DE DECISIONES'),
('IMPVR09', 'PERFORACIÓN Y VOLADURA DE ROCAS'),
('IMSHM09', 'SEGURIDAD E HIGIENE MINERA'),
('IMEMV09', 'ECONOMÍA MINERA Y VALUACIÓN DE MINAS'),
('IMCAP09', 'COMPUTACIÓN APLICADA'),
('IMECM09', 'EXPLOTACIÓN Y COMERCIALIZACIÓN DE MINERALES NO METÁLICOS'),
('IMADM10', 'ADMINISTRACIÓN DE MINAS'),
('IMASM10', 'ANÁLISIS DE SISTEMAS MINEROS'),
('IMMMA10', 'MINERÍA Y MEDIO AMBIENTE'),
('IMPDM10', 'PLANEAMIENTO DE MINADO'),
('IMPYM10', 'PROYECTOS MINEROS'),
('IMGAPEL', 'GEOFÍSICA APLICADA'),
('IMSRSEL', 'SENSORES REMOTOS Y SIG'),
('IMCAPEL', 'COMPUTACIÓN APLICADA II'),
('GPAUD09', 'AUDITORIA'),
('GPDRF09', 'DESARROLLO REGIONAL Y FORMACIÓN DE REDES'),
('GPDEP09', 'DISEÑO Y EVALUACIÓN DE  PROYECTOS'),
('GPIGE09', 'INVESTIGACIÓN EN GERENCIA'),
('GPDIN09', 'DERECHO INTERNACIONAL'),
('GPSIGEL', 'SISTEMAS DE INFORMACIÓN EN LA GESTIÓN PÚBLICA'),
('GPSIPEL', 'SISTEMA DE INVERSIÓN PÚBLICA II'),
('GPMPYEL', 'MONITOREO DE PROYECTOS'),
('GPDEP10', 'DISEÑO Y EVALUACIÓN DE PRESUPUESTO'),
('GPDPR10', 'DISEÑO Y EVALUACIÓN DE POLÍTICAS REGIONALES Y LOCALES'),
('GPGEP10', 'GESTIÓN Y EJECUCIÓN DE PROYECTOS'),
('GPDPP10', 'DISEÑO Y EVALUACIÓN DE POLÍTICAS PÚBLICAS'),
('GPLPD10', 'LIDERAZGO PARA EL DESARROLLO'),
('GPDRFEL', 'DESARROLLO REGIONAL Y FORMACIÓN DE REDES'),
('GPAUDEL', 'AUDITORIA II'),
('GPPFIEL', 'PLANEAMIENTO FINANCIERO'),
('IACME09', 'CIRCUITOS Y MÁQUINAS ELÉCTRICAS'),
('IABDA09', 'BIOTECNOLOGÍA DE LOS ALIMENTOS'),
('IASDI09', 'SEMINARIO DE INVESTIGACIÓN'),
('IAPAG09', 'PROYECTOS AGROINDUSTRIALES'),
('IATAG09', 'TECNOLOGÍA AGROINDUSTRIAL IV'),
('IAFAGEL', 'FERMENTACIÓN AGROINDUSTRIAL'),
('IAICTEL', 'ICTIOINDUSTRIA'),
('IATDFEL', 'TECNOLOGÍA DEL FRÍO'),
('IADPA10', 'DISEÑO DE PLANTAS AGROINDUSTRIALES'),
('IAEYV10', 'ECONOMÍA Y VALORACIÓN'),
('IAPSI10', 'PSICOLOGÍA INDUSTRIAL'),
('IASHI10', 'SEGURIDAD E HIGIENE INDUSTRIAL'),
('IAMYCEL', 'METEOROLOGÍA Y CLIMATOLOGÍA.'),
('IAENOEL', 'ENOLOGÍA'),
('IAADAEL', 'ANÁLISIS DE AGUA'),
('ISSSI09', 'SEGURIDAD EN SISTEMAS INFORMÁTICOS'),
('ISSIM09', 'SIMULACIÓN'),
('ISDPS09', 'DESARROLLO Y PRODUCCIÓN DE SOFTWER'),
('ISRDP09', 'REINGENIERÍA DE PROCESOS'),
('ISFEP09', 'FORMUL. Y EVALUACIÓN DE PROYECTOS'),
('ISSDGEL', 'SISTEMAS DIGITALES'),
('ISCOREL', 'COMPORTAMIENTO ORGANIZACIONAL'),
('ISTYT10', 'TELECOMUNICACIONES Y TELEPROCESOS'),
('ISCCS10', 'CONTROL DE CALIDAD DEL SOFTWER'),
('ISEPV10', 'ÉTICA PROFESIONAL Y VALORES'),
('ISSDT10', 'SEMINARIO DE TESIS'),
('ISPSIEL', 'PLAN. DE SISTEMAS DE INFORMACIÓN'),
('ISDWEEL', 'DESARROLLO WEB'),
('ISCOEEL', 'COMERCIO ELECTRÓNICO'),
('IBMEA09', 'MONITOREO Y EVALUACIÓN DE IMPACTO AMBIENTAL I'),
('IBFEP09', 'FORMULACIÓN Y EVALUACIÓN DE PROYECTOS'),
('IBMSA09', 'MODELA. Y SIMULA. DE SIST. AMBIENTALES'),
('IBAEC09', 'AGRO ECOLOGÍA'),
('IBBYD09', 'BIOGEOGRAFÍA Y DEMOGRAFÍA'),
('IBECOEL', 'ECOSISTEMAS'),
('IBZOOEL', 'ZOOLOGÍA'),
('IBBOTEL', 'BOTÁNICA'),
('IBTPA10', 'TALLER DE PROYECTOS AMBIENTALES'),
('IBMEA10', 'MONITOREO Y EVALUACIÓN DE IMPACTO AMBIENTAL II'),
('IBPAM10', 'PLANIFICACIÓN AMBIENTAL'),
('IBRAM10', 'RESTAURACIÓN AMBIENTAL'),
('IBAAM10', 'AUDITORIA AMBIENTAL'),
('IBTLIEL', 'TECNOLOGÍAS LIMPIAS'),
('IBCUREL', 'CLIMATOLOGÍA URBANA'),
('IBCCLEL', 'CAMBIOS CLIMÁTICO'),
('IPCAA09', 'CONTAMINACIÓN AMBIENTAL ACUÁTICO'),
('IPPMC09', 'PESCA MARÍTIMA Y CONTINENTAL'),
('IPECP09', 'ECONOMÍA PESQUERA'),
('IPDEM09', 'DESARROLLO EMPRESARIAL'),
('IPSDT09', 'SEMINARIO DE TÉSIS'),
('IPSCP10', 'SISTEMA DE CALIDAD PESQUERA'),
('IPCDP10', 'COMERCIALIZACIÓN DE PRODUCTOS HIDROBIOLÓGICOS'),
('IPEIA10', 'ESTUDIO DE IMPACTO AMBIENTAL EN AMBIENTES ACUÁTICOS'),
('IPPHA10', 'PROCESAMIENTO DE HARINA Y ACEITE DE PESCADO'),
('IPFEP10', 'FORMULACIÓN Y EVALUACIÓN DE PROYECTOS  PESQUEROS'),
('IPFLPEL', 'FLOTA PESQUERA'),
('IPNYMEL', 'NAVEGACIÓN Y MANIOBRAS'),
('IPIDDEL', 'INFRAESTRUCTURA DE DESEMBARCO'),
('IPIAPEL', 'INGENIERÍA DE ARTES DE PESCA'),
('IPEAPEL', 'EVALUACIÓN ACÚSTICA PESQUERA'),
('IPNBSEL', 'NATACIÓN, BUCEO Y SUPERVIVENCIA II'),
('IPBUAEL', 'BUCEO AVANZADO'),
('IPBATEL', 'BATIMETRIA'),
('IPLAREL', 'LARVICULTURA'),
('IPDGAEL', 'DISEÑO DE GRANJAS ACUÍCOLAS Y ECLOSIONARIOS'),
('IPGAAEL', 'GENÉTICA APLICADA A LA ACUICULTURA'),
('IPCCMEL', 'CULTIVO DE CRUSTÁCEOS Y MOLUSCOS'),
('IPCEFEL', 'CULTIVO DE ESPECIES DE AGUAS FRÍAS'),
('IPCEAEL', 'CULTIVO DE ESPECIES AMAZÓNICOS'),
('IPCAVEL', 'CULTIVO DE ALIMENTO VIVO'),
('IPCEOEL', 'CULTIVO DE ESPECIES ACUÁTICAS ORNAMENTALES'),
('IPDPPEL', 'DISEÑO DE PLANTAS PESQUERAS'),
('IPPSPEL', 'PROCESAMIENTO DE SUB-PRODUCTOS DE LA PESCA'),
('IPSPDEL', 'SURIMI Y SUS PRODUCTOS DERIVADOS'),
('IPEPPEL', 'ENVASES Y EMBALAJES DE PRODUCTOS PESQUEROS');

-- --------------------------------------------------------

--
-- Estructura de tabla para la tabla `dmatricula`
--

CREATE TABLE `dmatricula` (
  `iddmatricula` int(11) NOT NULL,
  `CODI_UNIV` char(10) DEFAULT NULL,
  `CICL_ACAD` char(5) DEFAULT NULL,
  `CODI_CURS` char(7) DEFAULT NULL,
  `CRED_CURS` decimal(2,0) DEFAULT NULL,
  `HRST_CURS` decimal(2,0) DEFAULT NULL,
  `HRSP_CURS` decimal(2,0) DEFAULT NULL,
  `CICL_CURS` char(2) DEFAULT NULL,
  `SECC_MATR` char(1) DEFAULT NULL,
  `FECH_REGI` date DEFAULT NULL,
  `OBSE_CONV` char(50) DEFAULT NULL
) ENGINE=MyISAM DEFAULT CHARSET=latin1 COLLATE=latin1_swedish_ci COMMENT='InnoDB free: 6144 kB; InnoDB free: 7168 kB; InnoDB free: 819' PACK_KEYS=0 ROW_FORMAT=COMPACT;

--
-- Volcado de datos para la tabla `dmatricula`
--

INSERT INTO `dmatricula` (`iddmatricula`, `CODI_UNIV`, `CICL_ACAD`, `CODI_CURS`, `CRED_CURS`, `HRST_CURS`, `HRSP_CURS`, `CICL_CURS`, `SECC_MATR`, `FECH_REGI`, `OBSE_CONV`) VALUES
(1, '2020204036', '20222', 'EGESA03', 4, 3, 2, '05', 'A', '2022-07-26', NULL),
(2, '2020204036', '20222', 'IPEMP05', 4, 3, 2, '05', 'A', '2022-07-26', NULL),
(3, '2020204036', '20222', 'EGTOP05', 3, 2, 2, '05', 'A', '2022-07-26', NULL),
(4, '2020204036', '20222', 'IPLIM05', 3, 2, 3, '05', 'A', '2022-07-26', NULL);

-- --------------------------------------------------------

--
-- Estructura de tabla para la tabla `ematricula`
--

CREATE TABLE `ematricula` (
  `CODI_UNIV` char(10) NOT NULL,
  `CICL_ACAD` char(5) NOT NULL,
  `CODI_SEDE` char(1) DEFAULT NULL,
  `CODI_CARR` char(2) DEFAULT NULL,
  `TOTA_CRED` decimal(10,0) DEFAULT NULL,
  `FECH_MATR` date DEFAULT NULL,
  `LOGI_USUA` char(10) DEFAULT NULL,
  `OBSE_MATR` char(50) DEFAULT NULL,
  `CICL_MATR` char(2) DEFAULT NULL
) ENGINE=MyISAM DEFAULT CHARSET=latin1 COLLATE=latin1_swedish_ci COMMENT='InnoDB free: 6144 kB; InnoDB free: 7168 kB' PACK_KEYS=0 ROW_FORMAT=COMPACT;

--
-- Volcado de datos para la tabla `ematricula`
--

INSERT INTO `ematricula` (`CODI_UNIV`, `CICL_ACAD`, `CODI_SEDE`, `CODI_CARR`, `TOTA_CRED`, `FECH_MATR`, `LOGI_USUA`, `OBSE_MATR`, `CICL_MATR`) VALUES
('2020204036', '20222', 'I', '06', 14, '2022-07-26', NULL, NULL, '05');

-- --------------------------------------------------------

--
-- Estructura de tabla para la tabla `estudiantes`
--

CREATE TABLE `estudiantes` (
  `CODI_UNIV` varchar(10) NOT NULL,
  `apellidos` varchar(40) DEFAULT NULL,
  `nombres` varchar(40) DEFAULT NULL,
  `telefono` varchar(15) DEFAULT NULL,
  `correo` varchar(100) DEFAULT NULL,
  `CODI_CARR` varchar(2) NOT NULL,
  `CODI_SEDE` varchar(1) NOT NULL,
  `CLAV_UNIV` varchar(256) DEFAULT NULL,
  `SEME_ULTI` varchar(5) NOT NULL
) ENGINE=InnoDB DEFAULT CHARSET=utf8 COLLATE=utf8_general_ci;

--
-- Volcado de datos para la tabla `estudiantes`
--

INSERT INTO `estudiantes` (`CODI_UNIV`, `apellidos`, `nombres`, `telefono`, `correo`, `CODI_CARR`, `CODI_SEDE`, `CLAV_UNIV`, `SEME_ULTI`) VALUES
('2015204014', 'TORRES CARI', 'DIEGO FABRIZZIO RENATO', '932733595', 'diegotorrescari96@gmail.com', '01', 'M', '2015204014T', ''),
('2017204052', 'CRUZ CENTENO', 'JEREMY DAVID', '989600490', 'cruzj6134@gmail.com', '01', 'M', '2017204052C', ''),
('2017204059', 'MAMANI CATACORA', 'GINA', '932583223', 'ginamc1010@gmail.com', '01', 'M', '2017204059M', ''),
('2017204061', 'MAQUERA PONCE', 'JACKELYN ERICA', '916179931', 'maquerajackelyn@gmail.com', '01', 'M', '2017204061M', ''),
('2017204068', 'YUCRA GONZALES', 'MARIA FERNANDA', '900685157', 'yucragonzalesmariafernanda@gmail.com', '01', 'M', '2017204068Y', ''),
('2018204060', 'AYERBE CORNEJO', 'RODRIGO FABIAN', '913960878', 'daadwaf@hotmail.com', '02', 'M', '2018204060A', ''),
('2019204034', 'PEREZ ZEVALLOS', 'ADRIAN ENRIQUE', '939299845', 'adrianenrique2020@gmail.com', '02', 'M', '2019204034P', ''),
('2019204035', 'PLATERO SARDON', 'JOSUE BRAYAN', '915375025', 'josuebplatero@gmail.com', '02', 'M', '2019204035P', ''),
('2019204108', 'CHIPANA MAMANI', 'WILLIAN ENRIQUE', '953644286', 'chipana170@gmail.com', '02', 'M', '2019204108C', ''),
('2019204114', 'LAQUI LOPE', 'ERIKA CYNTHIA', '941839206', 'cynthialaqui07@gmail.com', '02', 'M', '2019204114L', ''),
('2020204001', 'PUMA VALDIVIA', 'EDUARDO PABLO', '937388071', 'eduardopumax2@gmail.com', '03', 'M', '2020204001P', ''),
('2020204004', 'KOCTONG LAMA', 'GONZALO', '977204068', 'gkoctong@hotmail.com', '03', 'M', '2020204004K', ''),
('2020204007', 'CABALLERO ROMERO', 'LUCCIANA LOIGUINA', '994797722', 'lcaballero@emeiggs.com', '03', 'M', '2020204007C', ''),
('2020204008', 'CATARI CUAYLA', 'JEANCARLO YEFERSON', '995884690', 'nightmare.2001.xd@gmail.com', '03', 'M', '2020204008C', ''),
('2020204009', 'BELISARIO GILAPA', 'BRAYAN JAMES', '930310807', 'jamesbrayanbelisario@gmail.com', '03', 'M', '2020204009B', ''),
('2020204013', 'BALCONA VIZA', 'JAMIR EDUARDO', '943769323', 'jamir02balcona@gmail.com', '04', 'I', '2020204013B', ''),
('2020204017', 'CCASO CARBAJAL', 'IVAN ALVARO', '915910102', 'xstarxm@hotmail.com', '04', 'I', '2020204017C', ''),
('2020204018', 'YUCRA SILVESTRE', 'ANDRE TOMAS', '916426766', 'andretys1000@gmail.com', '04', 'I', '2020204018Y', ''),
('2020204019', 'SOSA ARDILES', 'ANDREE AAROM', '920662684', 'aaromsosa03@gmail.com', '04', 'I', '2020204019S', ''),
('2020204020', 'REYNOSO SERRA', 'ALLISON INGUER', '961067521', 'allieri2018@gmail.com', '04', 'I', '2020204020R', ''),
('2020204021', 'BENEGAS HUANACUNI', 'ANGIE JHADIRA', '929787410', 'tranksgane@gmail.com', '05', 'I', '2020204021B', ''),
('2020204023', 'LOBON LIMA', 'DIEGO SAMUEL', '946056580', 'diegolima488@gmail.com', '05', 'I', '2020204023L', ''),
('2020204024', 'SOSA CABE', 'JHORMELY ELIZABETH', '974321302', 'jhormely.sosa14@gmail.com', '05', 'I', '2020204024S', ''),
('2020204027', 'MAQUERA ORTEGA', 'SELINE MACIEL', '921772923', 'selinemaciel@gmail.com', '05', 'I', '2020204027M', ''),
('2020204029', 'CASTILLON VILCAPOMA', 'ALEX SALVADOR', '914063467', 'Alexsalvador089@gmail.com', '05', 'I', '2020204029C', ''),
('2020204031', 'CHURA TICONA', 'EDSON JOSUE', '999881620', 'edsonchura82@gmail.com', '06', 'I', '2020204031C', ''),
('2020204033', 'RATA HUAMANI', 'JHON MAICOL', '992649320', 'maicol.huamani12345@gmail.com', '06', 'I', '2020204033R', ''),
('2020204035', 'MAMANI ACHINQUIPA', 'CARLOS ALBERTO', '900822819', 'starnear9995@gmai.com', '06', 'I', '2020204035M', ''),
('2020204036', 'COPARI LAURA', 'JHUNIOR PAUL', '918236712', 'jhuniorpolaco@gmail.com', '06', 'I', '$2y$10$bZSF.aPekRXHzbga5CzYmOzRak8RXSTPwYhUACOPiE2fsp7zYOV9S', '20222'),
('2020204039', 'AROCUTIPA LOVON', 'YOSELIN DAYANA', '948188593', 'yosiarocutipa@gmail.com', '06', 'I', '2020204039A', ''),
('2020204041', 'GALLEGOS MAMANI', 'EDUARDO ADRIAN', '981788505', 'edu_gallegos_2002@hotmail.com', '06', 'I', '2020204041G', ''),
('2021204056', 'CHUMBILLA CHURATA', 'YASMINA FLORA', '992123781', 'yaslen25chumbilla@gmail.com', '06', 'I', '2021204056C', '');

-- --------------------------------------------------------

--
-- Estructura de tabla para la tabla `usuarios`
--

CREATE TABLE `usuarios` (
  `Dni` varchar(8) NOT NULL,
  `Nombre` varchar(50) NOT NULL,
  `Clave` varchar(24) NOT NULL,
  `Activo` varchar(1) NOT NULL
) ENGINE=InnoDB DEFAULT CHARSET=utf8mb4 COLLATE=utf8mb4_general_ci;

--
-- Volcado de datos para la tabla `usuarios`
--

INSERT INTO `usuarios` (`Dni`, `Nombre`, `Clave`, `Activo`) VALUES
('00450714', 'ARNOLD', 'admin23', '1'),
('00450714', 'ARNOLD', 'admin23', '1');

--
-- Índices para tablas volcadas
--

--
-- Indices de la tabla `control`
--
ALTER TABLE `control`
  ADD PRIMARY KEY (`codi_cicl`),
  ADD KEY `codi_cicl` (`codi_cicl`),
  ADD KEY `codi_cicl_2` (`codi_cicl`);

--
-- Indices de la tabla `dmatricula`
--
ALTER TABLE `dmatricula`
  ADD PRIMARY KEY (`iddmatricula`);

--
-- Indices de la tabla `ematricula`
--
ALTER TABLE `ematricula`
  ADD PRIMARY KEY (`CODI_UNIV`,`CICL_ACAD`);

--
-- Indices de la tabla `estudiantes`
--
ALTER TABLE `estudiantes`
  ADD PRIMARY KEY (`CODI_UNIV`);

--
-- AUTO_INCREMENT de las tablas volcadas
--

--
-- AUTO_INCREMENT de la tabla `dmatricula`
--
ALTER TABLE `dmatricula`
  MODIFY `iddmatricula` int(11) NOT NULL AUTO_INCREMENT, AUTO_INCREMENT=5;
COMMIT;

/*!40101 SET CHARACTER_SET_CLIENT=@OLD_CHARACTER_SET_CLIENT */;
/*!40101 SET CHARACTER_SET_RESULTS=@OLD_CHARACTER_SET_RESULTS */;
/*!40101 SET COLLATION_CONNECTION=@OLD_COLLATION_CONNECTION */;
